DE,PARA,CIDADE,PAÍS,DATA_DE_IDA,VOLTA,PREÇO,MILHAS,HORÁRIO,ESCALA,URL
SAO,POA,Porto Alegre,Brazil,02-04-26,05-04-26,755,,,,https://www.google.com/travel/explore?tfs=CBwQAxopEgoyMDI2LTA0LTAyag0IAxIJL20vMDIycGZtcgwIBBIIL20vMDJqNzEaKRIKMjAyNi0wNC0wNWoMCAQSCC9tLzAyajcxcg0IAxIJL20vMDIycGZtQAFIAXABggELCP___________wGYAQGyAQIgAQ&tfu=GioaKAoSCaSsBQzG2DnAEYDM2gd_cEfAEhIJnc-NDMspQMARQGbtg_dkUMA&hl=pt&curr=BRL
SAO,POA,Porto Alegre,Brazil,02-04-26,05-04-26,755,,,,https://www.google.com/travel/explore?tfs=CBwQAxopEgoyMDI2LTA0LTAyag0IAxIJL20vMDIycGZtcgwIBBIIL20vMDJqNzEaKRIKMjAyNi0wNC0wNWoMCAQSCC9tLzAyajcxcg0IAxIJL20vMDIycGZtQAFIAXABggELCP___________wGYAQGyAQIgAQ&tfu=GioaKAoSCQl02cp_wzvAEYDM2gcriUbAEhIJbf7U094ERMARQGbtgwWeVMA&hl=pt&curr=BRL
SAO,POA,Porto Alegre,Brazil,02-04-26,05-04-26,755,,,,https://www.google.com/travel/explore?tfs=CBwQAxopEgoyMDI2LTA0LTAyag0IAxIJL20vMDIycGZtcgwIBBIIL20vMDJqNzEaKRIKMjAyNi0wNC0wNWoMCAQSCC9tLzAyajcxcg0IAxIJL20vMDIycGZtQAFIAXABggELCP___________wGYAQGyAQIgAQ&tfu=GioaKAoSCTYC_QaSSSTAEdjYwED5IT_AEhIJygYyNQN2TMAR5OTn1-BoZkA&hl=pt&curr=BRL
SAO,CWB,Curitiba,Brazil,02-04-26,05-04-26,825,,,,https://www.google.com/travel/explore?tfs=CBwQAxopEgoyMDI2LTA0LTAyag0IAxIJL20vMDIycGZtcgwIBBIIL20vMDJqNzEaKRIKMjAyNi0wNC0wNWoMCAQSCC9tLzAyajcxcg0IAxIJL20vMDIycGZtQAFIAXABggELCP___________wGYAQGyAQIgAQ&tfu=GioaKAoSCdvTMFBpeTPAEYDM2gdHYUPAEhIJiwWgAT5OOsARgMzaB7e6TMA&hl=pt&curr=BRL
SAO,CWB,Curitiba,Brazil,02-04-26,05-04-26,825,,,,https://www.google.com/travel/explore?tfs=CBwQAxopEgoyMDI2LTA0LTAyag0IAxIJL20vMDIycGZtcgwIBBIIL20vMDJqNzEaKRIKMjAyNi0wNC0wNWoMCAQSCC9tLzAyajcxcg0IAxIJL20vMDIycGZtQAFIAXABggELCP___________wGYAQGyAQIgAQ&tfu=GioaKAoSCTYC_QaSSSTAEdjYwED5IT_AEhIJygYyNQN2TMAR5OTn1-BoZkA&hl=pt&curr=BRL
SAO,CWB,Curitiba,Brazil,02-04-26,05-04-26,825,,,,https://www.google.com/travel/explore?tfs=CBwQAxopEgoyMDI2LTA0LTAyag0IAxIJL20vMDIycGZtcgwIBBIIL20vMDJqNzEaKRIKMjAyNi0wNC0wNWoMCAQSCC9tLzAyajcxcg0IAxIJL20vMDIycGZtQAFIAXABggELCP___________wGYAQGyAQIgAQ&tfu=GioaKAoSCQHsKGLuCitAEaPDSBt-2zPAEhIJi2D-i9vCRMARdBhpw08uZcA&hl=pt&curr=BRL
SAO,RAO,Ribeirão Preto,Brazil,02-04-26,05-04-26,985,,,,https://www.google.com/travel/explore?tfs=CBwQAxopEgoyMDI2LTA0LTAyag0IAxIJL20vMDIycGZtcgwIBBIIL20vMDJqNzEaKRIKMjAyNi0wNC0wNWoMCAQSCC9tLzAyajcxcg0IAxIJL20vMDIycGZtQAFIAXABggELCP___________wGYAQGyAQIgAQ&tfu=GioaKAoSCdvTMFBpeTPAEYDM2gdHYUPAEhIJiwWgAT5OOsARgMzaB7e6TMA&hl=pt&curr=BRL
SAO,CNF,Belo Horizonte,Brazil,02-04-26,05-04-26,1111,,,,https://www.google.com/travel/explore?tfs=CBwQAxopEgoyMDI2LTA0LTAyag0IAxIJL20vMDIycGZtcgwIBBIIL20vMDJqNzEaKRIKMjAyNi0wNC0wNWoMCAQSCC9tLzAyajcxcg0IAxIJL20vMDIycGZtQAFIAXABggELCP___________wGYAQGyAQIgAQ&tfu=GioaKAoSCTrymnVkBirAEYDM2gdHYUPAEhIJVee-Ys0eNMARgMzaB7e6TMA&hl=pt&curr=BRL
SAO,CNF,Belo Horizonte,Brazil,02-04-26,05-04-26,1111,,,,https://www.google.com/travel/explore?tfs=CBwQAxopEgoyMDI2LTA0LTAyag0IAxIJL20vMDIycGZtcgwIBBIIL20vMDJqNzEaKRIKMjAyNi0wNC0wNWoMCAQSCC9tLzAyajcxcg0IAxIJL20vMDIycGZtQAFIAXABggELCP___________wGYAQGyAQIgAQ&tfu=GioaKAoSCdvTMFBpeTPAEYDM2gdHYUPAEhIJiwWgAT5OOsARgMzaB7e6TMA&hl=pt&curr=BRL
SAO,CNF,Belo Horizonte,Brazil,02-04-26,05-04-26,1111,,,,https://www.google.com/travel/explore?tfs=CBwQAxopEgoyMDI2LTA0LTAyag0IAxIJL20vMDIycGZtcgwIBBIIL20vMDJqNzEaKRIKMjAyNi0wNC0wNWoMCAQSCC9tLzAyajcxcg0IAxIJL20vMDIycGZtQAFIAXABggELCP___________wGYAQGyAQIgAQ&tfu=GioaKAoSCTYC_QaSSSTAEdjYwED5IT_AEhIJygYyNQN2TMAR5OTn1-BoZkA&hl=pt&curr=BRL
SAO,MOC,Montes Claros,Brazil,02-04-26,05-04-26,1154,,,,https://www.google.com/travel/explore?tfs=CBwQAxopEgoyMDI2LTA0LTAyag0IAxIJL20vMDIycGZtcgwIBBIIL20vMDJqNzEaKRIKMjAyNi0wNC0wNWoMCAQSCC9tLzAyajcxcg0IAxIJL20vMDIycGZtQAFIAXABggELCP___________wGYAQGyAQIgAQ&tfu=GioaKAoSCTrymnVkBirAEYDM2gdHYUPAEhIJVee-Ys0eNMARgMzaB7e6TMA&hl=pt&curr=BRL
SAO,PMW,Palmas,Brazil,02-04-26,05-04-26,1175,,,,https://www.google.com/travel/explore?tfs=CBwQAxopEgoyMDI2LTA0LTAyag0IAxIJL20vMDIycGZtcgwIBBIIL20vMDJqNzEaKRIKMjAyNi0wNC0wNWoMCAQSCC9tLzAyajcxcg0IAxIJL20vMDIycGZtQAFIAXABggELCP___________wGYAQGyAQIgAQ&tfu=GioaKAoSCZGt8k47jhnAEYDM2gfz7EfAEhIJZbC6RuxhK8ARQGbtgzGjUMA&hl=pt&curr=BRL
SAO,PMW,Palmas,Brazil,02-04-26,05-04-26,1175,,,,https://www.google.com/travel/explore?tfs=CBwQAxopEgoyMDI2LTA0LTAyag0IAxIJL20vMDIycGZtcgwIBBIIL20vMDJqNzEaKRIKMjAyNi0wNC0wNWoMCAQSCC9tLzAyajcxcg0IAxIJL20vMDIycGZtQAFIAXABggELCP___________wGYAQGyAQIgAQ&tfu=GioaKAoSCZGt8k47jhnAEYDM2gdXJkHAEhIJZbC6RuxhK8ARgMzaB8d_SsA&hl=pt&curr=BRL
SAO,SJP,São José do Rio Preto,Brazil,02-04-26,05-04-26,1177,,,,https://www.google.com/travel/explore?tfs=CBwQAxopEgoyMDI2LTA0LTAyag0IAxIJL20vMDIycGZtcgwIBBIIL20vMDJqNzEaKRIKMjAyNi0wNC0wNWoMCAQSCC9tLzAyajcxcg0IAxIJL20vMDIycGZtQAFIAXABggELCP___________wGYAQGyAQIgAQ&tfu=GioaKAoSCdvTMFBpeTPAEYDM2gdHYUPAEhIJiwWgAT5OOsARgMzaB7e6TMA&hl=pt&curr=BRL
SAO,GIG,Rio de Janeiro,Brazil,02-04-26,05-04-26,1245,,,,https://www.google.com/travel/explore?tfs=CBwQAxopEgoyMDI2LTA0LTAyag0IAxIJL20vMDIycGZtcgwIBBIIL20vMDJqNzEaKRIKMjAyNi0wNC0wNWoMCAQSCC9tLzAyajcxcg0IAxIJL20vMDIycGZtQAFIAXABggELCP___________wGYAQGyAQIgAQ&tfu=GioaKAoSCdvTMFBpeTPAEYDM2gdHYUPAEhIJiwWgAT5OOsARgMzaB7e6TMA&hl=pt&curr=BRL
SAO,GIG,Rio de Janeiro,Brazil,02-04-26,05-04-26,1245,,,,https://www.google.com/travel/explore?tfs=CBwQAxopEgoyMDI2LTA0LTAyag0IAxIJL20vMDIycGZtcgwIBBIIL20vMDJqNzEaKRIKMjAyNi0wNC0wNWoMCAQSCC9tLzAyajcxcg0IAxIJL20vMDIycGZtQAFIAXABggELCP___________wGYAQGyAQIgAQ&tfu=GioaKAoSCTYC_QaSSSTAEdjYwED5IT_AEhIJygYyNQN2TMAR5OTn1-BoZkA&hl=pt&curr=BRL
SAO,GIG,Rio de Janeiro,Brazil,02-04-26,05-04-26,1245,,,,https://www.google.com/travel/explore?tfs=CBwQAxopEgoyMDI2LTA0LTAyag0IAxIJL20vMDIycGZtcgwIBBIIL20vMDJqNzEaKRIKMjAyNi0wNC0wNWoMCAQSCC9tLzAyajcxcg0IAxIJL20vMDIycGZtQAFIAXABggELCP___________wGYAQGyAQIgAQ&tfu=GioaKAoSCQHsKGLuCitAEaPDSBt-2zPAEhIJi2D-i9vCRMARdBhpw08uZcA&hl=pt&curr=BRL
SAO,GYN,Goiânia,Brazil,02-04-26,05-04-26,1297,,,,https://www.google.com/travel/explore?tfs=CBwQAxopEgoyMDI2LTA0LTAyag0IAxIJL20vMDIycGZtcgwIBBIIL20vMDJqNzEaKRIKMjAyNi0wNC0wNWoMCAQSCC9tLzAyajcxcg0IAxIJL20vMDIycGZtQAFIAXABggELCP___________wGYAQGyAQIgAQ&tfu=GioaKAoSCTrymnVkBirAEYDM2gdHYUPAEhIJVee-Ys0eNMARgMzaB7e6TMA&hl=pt&curr=BRL
SAO,BSB,Brasília,Brazil,02-04-26,05-04-26,1339,,,,https://www.google.com/travel/explore?tfs=CBwQAxopEgoyMDI2LTA0LTAyag0IAxIJL20vMDIycGZtcgwIBBIIL20vMDJqNzEaKRIKMjAyNi0wNC0wNWoMCAQSCC9tLzAyajcxcg0IAxIJL20vMDIycGZtQAFIAXABggELCP___________wGYAQGyAQIgAQ&tfu=GioaKAoSCTrymnVkBirAEYDM2gdHYUPAEhIJVee-Ys0eNMARgMzaB7e6TMA&hl=pt&curr=BRL
SAO,BSB,Brasília,Brazil,02-04-26,05-04-26,1339,,,,https://www.google.com/travel/explore?tfs=CBwQAxopEgoyMDI2LTA0LTAyag0IAxIJL20vMDIycGZtcgwIBBIIL20vMDJqNzEaKRIKMjAyNi0wNC0wNWoMCAQSCC9tLzAyajcxcg0IAxIJL20vMDIycGZtQAFIAXABggELCP___________wGYAQGyAQIgAQ&tfu=GioaKAoSCTYC_QaSSSTAEdjYwED5IT_AEhIJygYyNQN2TMAR5OTn1-BoZkA&hl=pt&curr=BRL
SAO,BSB,Brasília,Brazil,02-04-26,05-04-26,1339,,,,https://www.google.com/travel/explore?tfs=CBwQAxopEgoyMDI2LTA0LTAyag0IAxIJL20vMDIycGZtcgwIBBIIL20vMDJqNzEaKRIKMjAyNi0wNC0wNWoMCAQSCC9tLzAyajcxcg0IAxIJL20vMDIycGZtQAFIAXABggELCP___________wGYAQGyAQIgAQ&tfu=GioaKAoSCQHsKGLuCitAEaPDSBt-2zPAEhIJi2D-i9vCRMARdBhpw08uZcA&hl=pt&curr=BRL
SAO,PPB,Presidente Prudente,Brazil,02-04-26,05-04-26,1377,,,,https://www.google.com/travel/explore?tfs=CBwQAxopEgoyMDI2LTA0LTAyag0IAxIJL20vMDIycGZtcgwIBBIIL20vMDJqNzEaKRIKMjAyNi0wNC0wNWoMCAQSCC9tLzAyajcxcg0IAxIJL20vMDIycGZtQAFIAXABggELCP___________wGYAQGyAQIgAQ&tfu=GioaKAoSCdvTMFBpeTPAEYDM2gdHYUPAEhIJiwWgAT5OOsARgMzaB7e6TMA&hl=pt&curr=BRL
SAO,JOI,Joinville,Brazil,02-04-26,05-04-26,1378,,,,https://www.google.com/travel/explore?tfs=CBwQAxopEgoyMDI2LTA0LTAyag0IAxIJL20vMDIycGZtcgwIBBIIL20vMDJqNzEaKRIKMjAyNi0wNC0wNWoMCAQSCC9tLzAyajcxcg0IAxIJL20vMDIycGZtQAFIAXABggELCP___________wGYAQGyAQIgAQ&tfu=GioaKAoSCdvTMFBpeTPAEYDM2gdHYUPAEhIJiwWgAT5OOsARgMzaB7e6TMA&hl=pt&curr=BRL
SAO,JOI,Joinville,Brazil,02-04-26,05-04-26,1378,,,,https://www.google.com/travel/explore?tfs=CBwQAxopEgoyMDI2LTA0LTAyag0IAxIJL20vMDIycGZtcgwIBBIIL20vMDJqNzEaKRIKMjAyNi0wNC0wNWoMCAQSCC9tLzAyajcxcg0IAxIJL20vMDIycGZtQAFIAXABggELCP___________wGYAQGyAQIgAQ&tfu=GioaKAoSCaSsBQzG2DnAEYDM2gd_cEfAEhIJnc-NDMspQMARQGbtg_dkUMA&hl=pt&curr=BRL
SAO,ARA,Araçatuba,Brazil,02-04-26,05-04-26,1441,,,,https://www.google.com/travel/explore?tfs=CBwQAxopEgoyMDI2LTA0LTAyag0IAxIJL20vMDIycGZtcgwIBBIIL20vMDJqNzEaKRIKMjAyNi0wNC0wNWoMCAQSCC9tLzAyajcxcg0IAxIJL20vMDIycGZtQAFIAXABggELCP___________wGYAQGyAQIgAQ&tfu=GioaKAoSCdvTMFBpeTPAEYDM2gdHYUPAEhIJiwWgAT5OOsARgMzaB7e6TMA&hl=pt&curr=BRL
SAO,CAC,Cascavel,Brazil,02-04-26,05-04-26,1504,,,,https://www.google.com/travel/explore?tfs=CBwQAxopEgoyMDI2LTA0LTAyag0IAxIJL20vMDIycGZtcgwIBBIIL20vMDJqNzEaKRIKMjAyNi0wNC0wNWoMCAQSCC9tLzAyajcxcg0IAxIJL20vMDIycGZtQAFIAXABggELCP___________wGYAQGyAQIgAQ&tfu=GioaKAoSCdvTMFBpeTPAEYDM2gdHYUPAEhIJiwWgAT5OOsARgMzaB7e6TMA&hl=pt&curr=BRL
SAO,CAC,Cascavel,Brazil,02-04-26,05-04-26,1504,,,,https://www.google.com/travel/explore?tfs=CBwQAxopEgoyMDI2LTA0LTAyag0IAxIJL20vMDIycGZtcgwIBBIIL20vMDJqNzEaKRIKMjAyNi0wNC0wNWoMCAQSCC9tLzAyajcxcg0IAxIJL20vMDIycGZtQAFIAXABggELCP___________wGYAQGyAQIgAQ&tfu=GioaKAoSCdvTMFBpeTPAEYDM2gf7aUrAEhIJiwWgAT5OOsARQGbtg7XhUcA&hl=pt&curr=BRL
SAO,CXJ,Caxias do Sul,Brazil,02-04-26,05-04-26,1575,,,,https://www.google.com/travel/explore?tfs=CBwQAxopEgoyMDI2LTA0LTAyag0IAxIJL20vMDIycGZtcgwIBBIIL20vMDJqNzEaKRIKMjAyNi0wNC0wNWoMCAQSCC9tLzAyajcxcg0IAxIJL20vMDIycGZtQAFIAXABggELCP___________wGYAQGyAQIgAQ&tfu=GioaKAoSCaSsBQzG2DnAEYDM2gd_cEfAEhIJnc-NDMspQMARQGbtg_dkUMA&hl=pt&curr=BRL
SAO,CXJ,Caxias do Sul,Brazil,02-04-26,05-04-26,1575,,,,https://www.google.com/travel/explore?tfs=CBwQAxopEgoyMDI2LTA0LTAyag0IAxIJL20vMDIycGZtcgwIBBIIL20vMDJqNzEaKRIKMjAyNi0wNC0wNWoMCAQSCC9tLzAyajcxcg0IAxIJL20vMDIycGZtQAFIAXABggELCP___________wGYAQGyAQIgAQ&tfu=GioaKAoSCQl02cp_wzvAEYDM2gcriUbAEhIJbf7U094ERMARQGbtgwWeVMA&hl=pt&curr=BRL
SAO,MGF,Londrina,Brazil,02-04-26,05-04-26,1601,,,,https://www.google.com/travel/explore?tfs=CBwQAxopEgoyMDI2LTA0LTAyag0IAxIJL20vMDIycGZtcgwIBBIIL20vMDJqNzEaKRIKMjAyNi0wNC0wNWoMCAQSCC9tLzAyajcxcg0IAxIJL20vMDIycGZtQAFIAXABggELCP___________wGYAQGyAQIgAQ&tfu=GioaKAoSCdvTMFBpeTPAEYDM2gdHYUPAEhIJiwWgAT5OOsARgMzaB7e6TMA&hl=pt&curr=BRL
SAO,BEL,Belém,Brazil,02-04-26,05-04-26,1606,,,,https://www.google.com/travel/explore?tfs=CBwQAxopEgoyMDI2LTA0LTAyag0IAxIJL20vMDIycGZtcgwIBBIIL20vMDJqNzEaKRIKMjAyNi0wNC0wNWoMCAQSCC9tLzAyajcxcg0IAxIJL20vMDIycGZtQAFIAXABggELCP___________wGYAQGyAQIgAQ&tfu=GioaKAoSCebURZHHorg_EYDM2gc7akbAEhIJ0zCFTHs4HcARgMzaB6vDT8A&hl=pt&curr=BRL
SAO,BEL,Belém,Brazil,02-04-26,05-04-26,1606,,,,https://www.google.com/travel/explore?tfs=CBwQAxopEgoyMDI2LTA0LTAyag0IAxIJL20vMDIycGZtcgwIBBIIL20vMDJqNzEaKRIKMjAyNi0wNC0wNWoMCAQSCC9tLzAyajcxcg0IAxIJL20vMDIycGZtQAFIAXABggELCP___________wGYAQGyAQIgAQ&tfu=GioaKAoSCebURZHHorg_EQCZtQ8GYj7AEhIJ0zCFTHs4HcARgMzaB3OKSMA&hl=pt&curr=BRL
SAO,VIX,Vitória,Brazil,02-04-26,05-04-26,1610,,,,https://www.google.com/travel/explore?tfs=CBwQAxopEgoyMDI2LTA0LTAyag0IAxIJL20vMDIycGZtcgwIBBIIL20vMDJqNzEaKRIKMjAyNi0wNC0wNWoMCAQSCC9tLzAyajcxcg0IAxIJL20vMDIycGZtQAFIAXABggELCP___________wGYAQGyAQIgAQ&tfu=GioaKAoSCdvTMFBpeTPAEYDM2gdHYUPAEhIJiwWgAT5OOsARgMzaB7e6TMA&hl=pt&curr=BRL
SAO,SSA,Salvador,Brazil,02-04-26,05-04-26,1713,,,,https://www.google.com/travel/explore?tfs=CBwQAxopEgoyMDI2LTA0LTAyag0IAxIJL20vMDIycGZtcgwIBBIIL20vMDJqNzEaKRIKMjAyNi0wNC0wNWoMCAQSCC9tLzAyajcxcg0IAxIJL20vMDIycGZtQAFIAXABggELCP___________wGYAQGyAQIgAQ&tfu=GioaKAoSCZGt8k47jhnAEYDM2gdXJkHAEhIJZbC6RuxhK8ARgMzaB8d_SsA&hl=pt&curr=BRL
SAO,SSA,Salvador,Brazil,02-04-26,05-04-26,1713,,,,https://www.google.com/travel/explore?tfs=CBwQAxopEgoyMDI2LTA0LTAyag0IAxIJL20vMDIycGZtcgwIBBIIL20vMDJqNzEaKRIKMjAyNi0wNC0wNWoMCAQSCC9tLzAyajcxcg0IAxIJL20vMDIycGZtQAFIAXABggELCP___________wGYAQGyAQIgAQ&tfu=GioaKAoSCTYC_QaSSSTAEdjYwED5IT_AEhIJygYyNQN2TMAR5OTn1-BoZkA&hl=pt&curr=BRL
SAO,SSA,Salvador,Brazil,02-04-26,05-04-26,1713,,,,https://www.google.com/travel/explore?tfs=CBwQAxopEgoyMDI2LTA0LTAyag0IAxIJL20vMDIycGZtcgwIBBIIL20vMDJqNzEaKRIKMjAyNi0wNC0wNWoMCAQSCC9tLzAyajcxcg0IAxIJL20vMDIycGZtQAFIAXABggELCP___________wGYAQGyAQIgAQ&tfu=GioaKAoSCQHsKGLuCitAEaPDSBt-2zPAEhIJi2D-i9vCRMARdBhpw08uZcA&hl=pt&curr=BRL
SAO,NVT,Navegantes,Brazil,02-04-26,05-04-26,1733,,,,https://www.google.com/travel/explore?tfs=CBwQAxopEgoyMDI2LTA0LTAyag0IAxIJL20vMDIycGZtcgwIBBIIL20vMDJqNzEaKRIKMjAyNi0wNC0wNWoMCAQSCC9tLzAyajcxcg0IAxIJL20vMDIycGZtQAFIAXABggELCP___________wGYAQGyAQIgAQ&tfu=GioaKAoSCaSsBQzG2DnAEYDM2gd_cEfAEhIJnc-NDMspQMARQGbtg_dkUMA&hl=pt&curr=BRL
SAO,REC,Recife,Brazil,02-04-26,05-04-26,1745,,,,https://www.google.com/travel/explore?tfs=CBwQAxopEgoyMDI2LTA0LTAyag0IAxIJL20vMDIycGZtcgwIBBIIL20vMDJqNzEaKRIKMjAyNi0wNC0wNWoMCAQSCC9tLzAyajcxcg0IAxIJL20vMDIycGZtQAFIAXABggELCP___________wGYAQGyAQIgAQ&tfu=GioaKAoSCZGt8k47jhnAEYDM2gdXJkHAEhIJZbC6RuxhK8ARgMzaB8d_SsA&hl=pt&curr=BRL
SAO,REC,Recife,Brazil,02-04-26,05-04-26,1745,,,,https://www.google.com/travel/explore?tfs=CBwQAxopEgoyMDI2LTA0LTAyag0IAxIJL20vMDIycGZtcgwIBBIIL20vMDJqNzEaKRIKMjAyNi0wNC0wNWoMCAQSCC9tLzAyajcxcg0IAxIJL20vMDIycGZtQAFIAXABggELCP___________wGYAQGyAQIgAQ&tfu=GioaKAoSCQHsKGLuCitAEaPDSBt-2zPAEhIJi2D-i9vCRMARdBhpw08uZcA&hl=pt&curr=BRL
SAO,SLZ,São Luís,Brazil,02-04-26,05-04-26,1781,,,,https://www.google.com/travel/explore?tfs=CBwQAxopEgoyMDI2LTA0LTAyag0IAxIJL20vMDIycGZtcgwIBBIIL20vMDJqNzEaKRIKMjAyNi0wNC0wNWoMCAQSCC9tLzAyajcxcg0IAxIJL20vMDIycGZtQAFIAXABggELCP___________wGYAQGyAQIgAQ&tfu=GioaKAoSCebURZHHorg_EQCZtQ8GYj7AEhIJ0zCFTHs4HcARgMzaB3OKSMA&hl=pt&curr=BRL
SAO,SCL,Santiago,Chile,02-04-26,05-04-26,1797,,,,https://www.google.com/travel/explore?tfs=CBwQAxopEgoyMDI2LTA0LTAyag0IAxIJL20vMDIycGZtcgwIBBIIL20vMDJqNzEaKRIKMjAyNi0wNC0wNWoMCAQSCC9tLzAyajcxcg0IAxIJL20vMDIycGZtQAFIAXABggELCP___________wGYAQGyAQIgAQ&tfu=GioaKAoSCQl02cp_wzvAEYDM2gcriUbAEhIJbf7U094ERMARQGbtgwWeVMA&hl=pt&curr=BRL
SAO,SCL,Santiago,Chile,02-04-26,05-04-26,1797,,,,https://www.google.com/travel/explore?tfs=CBwQAxopEgoyMDI2LTA0LTAyag0IAxIJL20vMDIycGZtcgwIBBIIL20vMDJqNzEaKRIKMjAyNi0wNC0wNWoMCAQSCC9tLzAyajcxcg0IAxIJL20vMDIycGZtQAFIAXABggELCP___________wGYAQGyAQIgAQ&tfu=GioaKAoSCTYC_QaSSSTAEdjYwED5IT_AEhIJygYyNQN2TMAR5OTn1-BoZkA&hl=pt&curr=BRL
SAO,SCL,Santiago,Chile,02-04-26,05-04-26,1797,,,,https://www.google.com/travel/explore?tfs=CBwQAxopEgoyMDI2LTA0LTAyag0IAxIJL20vMDIycGZtcgwIBBIIL20vMDJqNzEaKRIKMjAyNi0wNC0wNWoMCAQSCC9tLzAyajcxcg0IAxIJL20vMDIycGZtQAFIAXABggELCP___________wGYAQGyAQIgAQ&tfu=GioaKAoSCQHsKGLuCitAEaPDSBt-2zPAEhIJi2D-i9vCRMARdBhpw08uZcA&hl=pt&curr=BRL
SAO,AJU,Aracaju,Brazil,02-04-26,05-04-26,1876,,,,https://www.google.com/travel/explore?tfs=CBwQAxopEgoyMDI2LTA0LTAyag0IAxIJL20vMDIycGZtcgwIBBIIL20vMDJqNzEaKRIKMjAyNi0wNC0wNWoMCAQSCC9tLzAyajcxcg0IAxIJL20vMDIycGZtQAFIAXABggELCP___________wGYAQGyAQIgAQ&tfu=GioaKAoSCZGt8k47jhnAEYDM2gdXJkHAEhIJZbC6RuxhK8ARgMzaB8d_SsA&hl=pt&curr=BRL
SAO,UDI,Uberlândia,Brazil,02-04-26,05-04-26,1877,,,,https://www.google.com/travel/explore?tfs=CBwQAxopEgoyMDI2LTA0LTAyag0IAxIJL20vMDIycGZtcgwIBBIIL20vMDJqNzEaKRIKMjAyNi0wNC0wNWoMCAQSCC9tLzAyajcxcg0IAxIJL20vMDIycGZtQAFIAXABggELCP___________wGYAQGyAQIgAQ&tfu=GioaKAoSCTrymnVkBirAEYDM2gdHYUPAEhIJVee-Ys0eNMARgMzaB7e6TMA&hl=pt&curr=BRL
SAO,ASU,Assunção,Paraguay,02-04-26,05-04-26,1897,,,,https://www.google.com/travel/explore?tfs=CBwQAxopEgoyMDI2LTA0LTAyag0IAxIJL20vMDIycGZtcgwIBBIIL20vMDJqNzEaKRIKMjAyNi0wNC0wNWoMCAQSCC9tLzAyajcxcg0IAxIJL20vMDIycGZtQAFIAXABggELCP___________wGYAQGyAQIgAQ&tfu=GioaKAoSCdvTMFBpeTPAEYDM2gf7aUrAEhIJiwWgAT5OOsARQGbtg7XhUcA&hl=pt&curr=BRL
SAO,ASU,Assunção,Paraguay,02-04-26,05-04-26,1897,,,,https://www.google.com/travel/explore?tfs=CBwQAxopEgoyMDI2LTA0LTAyag0IAxIJL20vMDIycGZtcgwIBBIIL20vMDJqNzEaKRIKMjAyNi0wNC0wNWoMCAQSCC9tLzAyajcxcg0IAxIJL20vMDIycGZtQAFIAXABggELCP___________wGYAQGyAQIgAQ&tfu=GioaKAoSCTYC_QaSSSTAEdjYwED5IT_AEhIJygYyNQN2TMAR5OTn1-BoZkA&hl=pt&curr=BRL
SAO,CGB,Cuiabá,Brazil,02-04-26,05-04-26,1929,,,,https://www.google.com/travel/explore?tfs=CBwQAxopEgoyMDI2LTA0LTAyag0IAxIJL20vMDIycGZtcgwIBBIIL20vMDJqNzEaKRIKMjAyNi0wNC0wNWoMCAQSCC9tLzAyajcxcg0IAxIJL20vMDIycGZtQAFIAXABggELCP___________wGYAQGyAQIgAQ&tfu=GioaKAoSCTrymnVkBirAEYDM2gdHYUPAEhIJVee-Ys0eNMARgMzaB7e6TMA&hl=pt&curr=BRL
SAO,MGF,Maringá,Brazil,02-04-26,05-04-26,1958,,,,https://www.google.com/travel/explore?tfs=CBwQAxopEgoyMDI2LTA0LTAyag0IAxIJL20vMDIycGZtcgwIBBIIL20vMDJqNzEaKRIKMjAyNi0wNC0wNWoMCAQSCC9tLzAyajcxcg0IAxIJL20vMDIycGZtQAFIAXABggELCP___________wGYAQGyAQIgAQ&tfu=GioaKAoSCdvTMFBpeTPAEYDM2gdHYUPAEhIJiwWgAT5OOsARgMzaB7e6TMA&hl=pt&curr=BRL
SAO,NAT,Natal,Brazil,02-04-26,05-04-26,1988,,,,https://www.google.com/travel/explore?tfs=CBwQAxopEgoyMDI2LTA0LTAyag0IAxIJL20vMDIycGZtcgwIBBIIL20vMDJqNzEaKRIKMjAyNi0wNC0wNWoMCAQSCC9tLzAyajcxcg0IAxIJL20vMDIycGZtQAFIAXABggELCP___________wGYAQGyAQIgAQ&tfu=GioaKAoSCebURZHHorg_EQCZtQ8GYj7AEhIJ0zCFTHs4HcARgMzaB3OKSMA&hl=pt&curr=BRL
SAO,FLN,Florianópolis,Brazil,02-04-26,05-04-26,1997,,,,https://www.google.com/travel/explore?tfs=CBwQAxopEgoyMDI2LTA0LTAyag0IAxIJL20vMDIycGZtcgwIBBIIL20vMDJqNzEaKRIKMjAyNi0wNC0wNWoMCAQSCC9tLzAyajcxcg0IAxIJL20vMDIycGZtQAFIAXABggELCP___________wGYAQGyAQIgAQ&tfu=GioaKAoSCaSsBQzG2DnAEYDM2gd_cEfAEhIJnc-NDMspQMARQGbtg_dkUMA&hl=pt&curr=BRL
SAO,FLN,Florianópolis,Brazil,02-04-26,05-04-26,1997,,,,https://www.google.com/travel/explore?tfs=CBwQAxopEgoyMDI2LTA0LTAyag0IAxIJL20vMDIycGZtcgwIBBIIL20vMDJqNzEaKRIKMjAyNi0wNC0wNWoMCAQSCC9tLzAyajcxcg0IAxIJL20vMDIycGZtQAFIAXABggELCP___________wGYAQGyAQIgAQ&tfu=GioaKAoSCTYC_QaSSSTAEdjYwED5IT_AEhIJygYyNQN2TMAR5OTn1-BoZkA&hl=pt&curr=BRL
SAO,FLN,Florianópolis,Brazil,02-04-26,05-04-26,1997,,,,https://www.google.com/travel/explore?tfs=CBwQAxopEgoyMDI2LTA0LTAyag0IAxIJL20vMDIycGZtcgwIBBIIL20vMDJqNzEaKRIKMjAyNi0wNC0wNWoMCAQSCC9tLzAyajcxcg0IAxIJL20vMDIycGZtQAFIAXABggELCP___________wGYAQGyAQIgAQ&tfu=GioaKAoSCQHsKGLuCitAEaPDSBt-2zPAEhIJi2D-i9vCRMARdBhpw08uZcA&hl=pt&curr=BRL
SAO,BPS,Porto Seguro,Brazil,02-04-26,05-04-26,2016,,,,https://www.google.com/travel/explore?tfs=CBwQAxopEgoyMDI2LTA0LTAyag0IAxIJL20vMDIycGZtcgwIBBIIL20vMDJqNzEaKRIKMjAyNi0wNC0wNWoMCAQSCC9tLzAyajcxcg0IAxIJL20vMDIycGZtQAFIAXABggELCP___________wGYAQGyAQIgAQ&tfu=GioaKAoSCTrymnVkBirAEYDM2gdHYUPAEhIJVee-Ys0eNMARgMzaB7e6TMA&hl=pt&curr=BRL
SAO,IZA,Juiz de Fora,Brazil,02-04-26,05-04-26,2059,,,,https://www.google.com/travel/explore?tfs=CBwQAxopEgoyMDI2LTA0LTAyag0IAxIJL20vMDIycGZtcgwIBBIIL20vMDJqNzEaKRIKMjAyNi0wNC0wNWoMCAQSCC9tLzAyajcxcg0IAxIJL20vMDIycGZtQAFIAXABggELCP___________wGYAQGyAQIgAQ&tfu=GioaKAoSCdvTMFBpeTPAEYDM2gdHYUPAEhIJiwWgAT5OOsARgMzaB7e6TMA&hl=pt&curr=BRL
